CREATE DATABASE  IF NOT EXISTS `road` /*!40100 DEFAULT CHARACTER SET utf8mb3 */ /*!80016 DEFAULT ENCRYPTION='N' */;
USE `road`;
-- MySQL dump 10.13  Distrib 8.0.31, for Win64 (x86_64)
--
-- Host: localhost    Database: road
-- ------------------------------------------------------
-- Server version	8.0.31

/*!40101 SET @OLD_CHARACTER_SET_CLIENT=@@CHARACTER_SET_CLIENT */;
/*!40101 SET @OLD_CHARACTER_SET_RESULTS=@@CHARACTER_SET_RESULTS */;
/*!40101 SET @OLD_COLLATION_CONNECTION=@@COLLATION_CONNECTION */;
/*!50503 SET NAMES utf8 */;
/*!40103 SET @OLD_TIME_ZONE=@@TIME_ZONE */;
/*!40103 SET TIME_ZONE='+00:00' */;
/*!40014 SET @OLD_UNIQUE_CHECKS=@@UNIQUE_CHECKS, UNIQUE_CHECKS=0 */;
/*!40014 SET @OLD_FOREIGN_KEY_CHECKS=@@FOREIGN_KEY_CHECKS, FOREIGN_KEY_CHECKS=0 */;
/*!40101 SET @OLD_SQL_MODE=@@SQL_MODE, SQL_MODE='NO_AUTO_VALUE_ON_ZERO' */;
/*!40111 SET @OLD_SQL_NOTES=@@SQL_NOTES, SQL_NOTES=0 */;

--
-- Table structure for table `event`
--

DROP TABLE IF EXISTS `event`;
/*!40101 SET @saved_cs_client     = @@character_set_client */;
/*!50503 SET character_set_client = utf8mb4 */;
CREATE TABLE `event` (
  `event_id` bigint NOT NULL,
  `type` bigint NOT NULL,
  `longitude` float NOT NULL,
  `latitude` float NOT NULL,
  `position` varchar(45) NOT NULL,
  `status` int NOT NULL,
  PRIMARY KEY (`event_id`)
) ENGINE=InnoDB DEFAULT CHARSET=utf8mb3;
/*!40101 SET character_set_client = @saved_cs_client */;

--
-- Dumping data for table `event`
--

LOCK TABLES `event` WRITE;
/*!40000 ALTER TABLE `event` DISABLE KEYS */;
INSERT INTO `event` VALUES (1589544875072819200,1,1.1,1.1,'东川路800号',3),(1589892725715636224,0,20.2,20.2,'东川路2号',4);
/*!40000 ALTER TABLE `event` ENABLE KEYS */;
UNLOCK TABLES;

--
-- Table structure for table `img`
--

DROP TABLE IF EXISTS `img`;
/*!40101 SET @saved_cs_client     = @@character_set_client */;
/*!50503 SET character_set_client = utf8mb4 */;
CREATE TABLE `img` (
  `img_id` bigint NOT NULL,
  `log_id` bigint NOT NULL,
  `event_id` bigint NOT NULL,
  PRIMARY KEY (`img_id`)
) ENGINE=InnoDB DEFAULT CHARSET=utf8mb3;
/*!40101 SET character_set_client = @saved_cs_client */;

--
-- Dumping data for table `img`
--

LOCK TABLES `img` WRITE;
/*!40000 ALTER TABLE `img` DISABLE KEYS */;
INSERT INTO `img` VALUES (1589544875064430592,1589544875072819200,1589544875072819200),(1589544875072819200,1589544875072819200,1589544875072819200),(1589892725698859008,1589892725715636224,1589892725715636224),(1589892725711441920,1589892725715636224,1589892725715636224);
/*!40000 ALTER TABLE `img` ENABLE KEYS */;
UNLOCK TABLES;

--
-- Table structure for table `log`
--

DROP TABLE IF EXISTS `log`;
/*!40101 SET @saved_cs_client     = @@character_set_client */;
/*!50503 SET character_set_client = utf8mb4 */;
CREATE TABLE `log` (
  `log_id` bigint NOT NULL,
  `event_id` bigint NOT NULL,
  `datetime` datetime NOT NULL,
  `user` bigint NOT NULL,
  `new_status` int NOT NULL,
  `old_status` int DEFAULT NULL,
  `notes` varchar(200) DEFAULT NULL,
  PRIMARY KEY (`log_id`)
) ENGINE=InnoDB DEFAULT CHARSET=utf8mb3;
/*!40101 SET character_set_client = @saved_cs_client */;

--
-- Dumping data for table `log`
--

LOCK TABLES `log` WRITE;
/*!40000 ALTER TABLE `log` DISABLE KEYS */;
INSERT INTO `log` VALUES (1589544875072819200,1589544875072819200,'2022-11-07 17:06:45',987654321,1,NULL,'test'),(1589892725715636224,1589892725715636224,'2022-11-08 16:08:59',987456321,1,NULL,'测试'),(1589895288066281472,1589892725715636224,'2022-11-08 16:19:10',123456789,2,1,'测试'),(1589899140517728256,1589892725715636224,'2022-11-08 16:34:28',123,3,2,'测试'),(1589906029775294464,1589892725715636224,'2022-11-08 17:01:51',132132,4,3,'321321');
/*!40000 ALTER TABLE `log` ENABLE KEYS */;
UNLOCK TABLES;
/*!40103 SET TIME_ZONE=@OLD_TIME_ZONE */;

/*!40101 SET SQL_MODE=@OLD_SQL_MODE */;
/*!40014 SET FOREIGN_KEY_CHECKS=@OLD_FOREIGN_KEY_CHECKS */;
/*!40014 SET UNIQUE_CHECKS=@OLD_UNIQUE_CHECKS */;
/*!40101 SET CHARACTER_SET_CLIENT=@OLD_CHARACTER_SET_CLIENT */;
/*!40101 SET CHARACTER_SET_RESULTS=@OLD_CHARACTER_SET_RESULTS */;
/*!40101 SET COLLATION_CONNECTION=@OLD_COLLATION_CONNECTION */;
/*!40111 SET SQL_NOTES=@OLD_SQL_NOTES */;

-- Dump completed on 2022-11-08 18:37:47
